#,TITLE,ARTIST,RELEASE,BPM,ENERGY,DANCE,LOUD,VALENCE,LENGTH,ACOUSTIC,POP.,RND,LIKE
1,2 Heads,Coleman Hell,4/7/15,120,56,73,-9,35,3:34,6,56,2823,1
2,chateau,blackbear,4/21/17,98,64,67,-6,48,3:33,5,70,7304,1
3,Winnebago (feat. Quinn XCII & Daniel Wilson),Gryffin,4/20/18,148,89,65,-3,70,3:00,11,60,6855,1
4,Brooklyn '95,Robotaki,8/10/18,96,66,69,-5,53,3:38,4,47,4526,1
5,Heebiejeebies - Bonus,Aminé,7/28/17,107,50,77,-8,50,3:40,42,69,9151,1
6,Don't Wanna Fall In Love,KYLE,10/2/15,132,62,49,-7,60,3:52,2,1,1183,1
7,Spice Girl,Aminé,7/28/17,78,46,69,-8,87,2:54,39,70,2992,1
8,Fire Alarm,Castlecomer,10/5/18,145,92,51,-5,52,3:57,0,52,2561,1
9,You & I,Colony House,1/13/17,99,85,48,-5,49,3:27,0,48,8198,1
10,"Prune, You Talk Funny",Gus Dapperton,12/5/17,140,75,57,-7,58,3:33,2,67,7618,1
11,Sit Next to Me,Foster The People,7/21/17,97,74,64,-5,66,4:03,12,73,6212,1
12,Sweater Weather,The Neighbourhood,4/19/13,124,81,61,-3,40,4:00,5,80,2921,1
13,Cocaine Jesus,Rainbow Kitten Surprise,4/25/15,120,36,82,-7,16,3:50,16,65,5372,0
14,Lady Lie,Rainbow Kitten Surprise,4/25/15,132,30,47,-10,30,3:35,39,60,4987,1
15,Cold Love,Rainbow Kitten Surprise,4/25/15,115,28,63,-11,21,3:57,77,55,6516,1
16,It's Called: Freefall,Rainbow Kitten Surprise,4/6/18,98,52,74,-6,28,2:32,63,65,3952,1
17,still feel.,half•alive,8/3/18,120,53,78,-6,70,4:07,15,59,7084,1
18,Tell Me,Spencer Sutherland,6/15/18,84,60,49,-4,55,3:19,5,50,6278,1
19,Broke,Samm Henshaw,8/8/18,90,68,75,-4,86,3:28,43,62,2319,1
20,Bambi,Hippo Campus,9/28/18,90,47,74,-8,31,3:14,7,66,7869,1
21,Doubt (feat. Wretch 32),Samm Henshaw,10/4/18,140,76,63,-6,59,3:45,6,51,721,1
22,RUNAWAY,half•alive,6/13/19,132,60,75,-6,59,2:42,0,54,9444,1
23,The Fall,half•alive,4/24/17,83,74,66,-6,55,3:07,3,65,5806,1
24,TEMPTATION,Joey Bada$$,4/7/17,105,71,78,-5,78,4:04,40,67,4242,1
25,Acid Dreams,MAX,7/19/19,100,51,82,-4,77,3:04,15,65,5926,1
26,Cupid Tryouts,Jonah Renna,5/18/18,103,67,59,-7,74,3:56,28,39,9095,1
27,Walking On A Dream,Empire of the Sun,10/3/08,127,70,87,-6,72,3:18,26,73,8534,1
28,The Less I Know The Better,Tame Impala,7/17/15,117,74,64,-4,79,3:36,1,85,8359,1
29,Sunflower,Rex Orange County,3/22/17,130,77,38,-4,57,4:12,65,79,8275,1
30,Buttercup,Hippo Campus,2/24/17,109,76,62,-4,20,3:47,20,67,497,1
31,Doubt,Hippo Campus,9/28/18,81,68,64,-5,70,3:13,7,52,4375,1
32,Way It Goes,Hippo Campus,2/24/17,120,91,54,-4,52,4:05,2,63,8539,1
33,Suicide Saturday,Hippo Campus,2/24/15,156,72,44,-6,56,3:33,2,60,9934,1
34,South,Hippo Campus,8/3/15,130,55,53,-7,44,3:51,17,60,4307,1
35,My Love,maye,3/15/19,117,60,40,-8,41,3:59,45,52,1124,1
36,The World Is Mine,Samm Henshaw,8/15/19,98,91,56,-4,79,2:56,11,44,5917,1
37,San Francisco,The Mowgli's,1/1/13,93,85,31,-4,34,2:53,2,48,6736,1
38,Sunday Candy,Donnie Trumpet & The Social Experiment,6/30/15,158,60,51,-7,55,3:46,53,67,2592,1
39,Loving Is Easy,Rex Orange County,10/11/17,117,61,76,-8,54,2:36,22,79,8848,1
40,Best Friend,Rex Orange County,1/25/17,145,71,57,-5,32,4:22,40,80,2739,1
41,New House,Rex Orange County,2/14/19,73,38,40,-9,32,3:19,81,66,4830,1
42,For Days,Francis and the Lights,7/20/10,115,82,81,-6,54,3:35,3,24,3181,1
43,Demon,Quinn XCII,4/28/15,93,63,80,-5,58,3:20,19,45,9213,1
44,I Don't Want to Miss You (Like I Do),Austin Weber,5/10/19,130,54,69,-7,46,3:33,21,45,3393,1
45,Using the Internet for French,Austin Weber,5/10/19,182,84,53,-6,77,2:46,13,43,6178,1
46,Love Songs for No One,Austin Weber,5/10/19,117,51,71,-8,46,3:01,60,38,311,1
47,Cocoon,Milky Chance,3/17/17,114,66,74,-7,80,4:15,10,60,4330,1
48,Stolen Dance,Milky Chance,6/20/14,114,58,89,-9,73,5:14,43,72,4274,1
49,Flashed Junk Mind,Milky Chance,6/20/14,118,84,84,-9,90,4:22,39,62,7944,1
50,Down By The River,Milky Chance,6/20/14,114,70,69,-8,46,4:01,75,57,9189,1
51,Seven,Rainbow Kitten Surprise,11/19/13,136,53,64,-7,19,3:45,5,58,9145,1
52,Corduroy Dreams,Rex Orange County,11/7/16,114,31,61,-14,22,3:27,65,75,9012,1
53,Diesel,"Findlay, 3 AM",8/4/18,140,40,70,-10,39,3:16,14,15,9548,1
54,OUTTA MY MIND,Monsune,8/30/19,87,46,69,-8,86,3:46,7,63,6830,1
55,Nothing in Return,Monsune,10/13/17,100,74,67,-6,69,3:52,55,25,8150,1
56,Gooey,Glass Animals,6/3/14,183,37,49,-13,11,4:49,74,71,9427,1
57,Honeypie,JAWNY,4/25/19,115,68,74,-5,93,2:16,7,40,5320,1
58,The Other Side Of Paradise,Glass Animals,8/26/16,128,34,69,-8,57,5:21,35,68,866,1
59,Sour Patch Kids,Bryce Vine,4/22/14,77,78,52,-5,58,4:13,1,66,3084,1
60,Drop The Game,Flume,11/22/13,79,67,56,-5,44,3:42,59,26,1524,1
61,Toes,Glass Animals,6/3/14,73,35,64,-12,25,4:15,41,59,5985,1
62,Step,Vampire Weekend,5/27/13,78,72,62,-7,62,4:12,59,62,410,1
63,This Is Home,Cavetown,8/3/15,130,27,81,-12,21,3:46,56,73,3053,1
64,Boys Will Be Bugs,Cavetown,12/11/18,89,53,61,-12,45,5:29,0,73,8668,1
65,Lemon Boy,Cavetown,1/1/18,140,48,51,-10,32,4:33,18,70,9665,1
66,Life Itself,Glass Animals,8/26/16,112,67,70,-6,56,4:41,1,63,2790,1
67,Talk to Me,Cavetown,6/29/18,130,32,63,-10,23,4:37,67,66,6646,1
68,Don't You Cry For Me,Cobi,5/6/16,60,65,41,-4,34,4:16,50,52,397,1
69,I Took A Pill In Ibiza,Mike Posner,5/6/16,74,32,64,-10,38,4:41,62,51,5618,1
70,Mamma Mia,Austin Weber,9/9/18,130,50,77,-9,92,3:30,1,57,7501,1
71,Only One to Blame,Samm Henshaw,9/20/19,88,55,61,-5,70,4:48,62,48,5060,1
72,Butterflies,Samsa,5/16/17,92,74,54,-11,93,3:19,31,62,581,1
73,Haunt Me,Samsa,5/16/17,85,80,77,-7,84,4:21,23,59,4223,1
74,Anthropocene,Samsa,5/16/17,179,78,48,-8,69,4:16,30,57,267,1
75,Tinder Samurai,Samsa,8/7/17,86,61,67,-14,80,2:25,65,54,7609,1
76,Television / So Far So Good,Rex Orange County,4/26/17,165,51,41,-8,32,4:23,59,68,3389,1
77,10-Oct,Rex Orange County,9/12/19,188,91,49,-4,29,2:26,30,63,2890,1
78,Let's Do It Again,J Boog,9/27/11,174,70,63,-6,93,3:12,58,67,2794,1
79,Heart It Races - Cover Version,Dr. Dog,6/5/07,99,47,71,-13,76,3:53,44,65,1449,1
80,Your Soul,Hippie Sabotage,9/16/14,94,68,49,-8,8,5:25,0,65,7511,1
81,Jealou$y,The Neighbourhood,11/28/14,151,62,51,-5,30,4:27,14,54,2502,1
82,Everyday,A$AP Rocky,5/26/15,150,66,39,-9,34,4:21,1,73,6118,1
83,Season 2 Episode 3,Glass Animals,8/26/16,148,29,74,-8,71,4:04,54,64,9121,1
84,Dissolve,Absofacto,11/3/17,85,58,69,-11,87,3:45,23,75,5469,1
85,Moscow,Autoheart,7/15/13,104,61,72,-8,82,3:55,18,50,2783,1
86,Reckless,Healy,2017,81,36,85,-9,42,3:57,52,69,4341,1
87,Cool with You,Her's,5/12/17,107,62,53,-7,55,6:16,1,66,5798,1
88,Look Back at It,A Boogie Wit da Hoodie,12/21/18,96,59,79,-5,54,2:59,41,79,5916,1
89,Almost (Sweet Music),Hozier,3/1/19,90,69,52,-6,71,3:37,2,74,3507,1
90,Hello My Old Heart,The Oh Hellos,12/1/11,90,30,56,-11,30,4:16,62,65,9454,1
91,Hollywood's Bleeding,Post Malone,9/6/19,130,65,41,-3,17,2:36,33,81,6759,1
92,Buttercup,Jack Stauber,3/25/17,120,37,71,-9,55,3:28,72,82,4379,1
93,Anna Sun,WALK THE MOON,6/19/12,140,86,47,-7,31,5:21,0,56,5084,1
94,Marlboro Nights,Lonely God,6/28/18,176,82,47,-7,78,1:09,0,18,4950,1
95,Atlas,Luke Christopher,9/11/15,145,59,50,-6,24,4:11,52,39,5028,1
96,Feeling Lonely,boy pablo,10/5/18,118,54,64,-10,89,3:18,1,68,2986,1
97,wtf,boy pablo,10/5/18,128,57,71,-11,95,1:12,5,58,2498,1
98,tkm,boy pablo,10/5/18,72,51,55,-12,49,5:38,14,60,4084,1
99,t-shirt,boy pablo,10/5/18,108,61,27,-12,45,2:47,0,55,1632,1
100,Nothing,Rex Orange County,4/26/17,78,42,73,-9,38,4:53,35,61,2395,1
101,Apricot Princess,Rex Orange County,4/26/17,112,47,40,-9,25,3:58,24,61,6504,1
102,Never Enough,Rex Orange County,4/26/17,159,89,51,-4,54,4:59,1,60,7563,1
103,MARBLE TEA,Shawn Wasabi,10/18/19,140,56,48,-5,13,2:26,76,49,3195,1
104,Come Over,Nolie,10/10/19,83,73,40,-5,68,2:08,6,52,6224,1
105,Always,Rex Orange County,10/25/19,128,37,67,-7,39,3:17,78,68,4226,1
106,Never Had The Balls,Rex Orange County,10/25/19,150,68,69,-8,36,3:57,39,66,660,1
107,hello!,ROLE MODEL,10/11/19,126,46,79,-4,56,3:09,49,12,7282,1
108,Your Soul,Forrest.,7/1/18,140,85,85,-4,82,2:58,2,65,3370,1
109,Why Not Me,Forrest.,7/1/18,146,72,91,-7,70,3:15,48,63,6296,1
110,Come True,khai dreams,9/20/18,125,68,87,-6,76,3:24,51,58,4168,1
111,Dance in the Living Room,NVTHVN,7/25/18,110,68,76,-5,73,4:05,10,48,1656,1
112,Closed On Sunday,Kanye West,10/25/19,98,29,80,-7,41,2:32,87,71,5346,1
113,bellyache,Billie Eilish,2/24/17,100,57,70,-9,41,2:59,46,80,3188,1
114,Yellow Hearts,Ant Saunders,6/18/19,129,40,87,-11,71,3:43,12,35,5503,1
115,Untitled,Rex Orange County,4/26/17,84,20,57,-10,33,2:16,91,68,9381,1
116,Warm on a Cold Night,HONNE,1/22/16,83,61,34,-6,40,4:22,19,50,9184,1
117,Warm on a Cold Night (feat. Aminé),HONNE,4/7/17,83,61,37,-5,51,4:19,11,45,8467,1
118,3 Nights,Dominic Fike,10/16/18,152,52,82,-7,88,2:58,22,84,8028,1
119,Bagels,Kota the Friend,5/15/19,115,46,93,-6,64,4:12,75,48,7311,1
120,California Girls,NoMBe,3/15/15,78,53,71,-7,54,3:37,17,51,5534,1
121,Jackie and Wilson,Hozier,9/19/14,82,73,56,-4,74,3:43,6,65,4848,1
122,Lose It,Oh Wonder,9/4/15,88,33,52,-9,17,3:50,73,64,2139,1
123,Musta Been Something,Lake Street Dive,5/4/18,112,16,66,-11,24,5:46,64,56,1544,1
124,Good Kisser,Lake Street Dive,5/4/18,160,59,49,-4,64,3:38,12,63,8186,1
125,Metaphor,The Crane Wives,8/29/15,79,51,64,-9,44,3:05,49,30,9363,1
126,"Dance, Baby!",boy pablo,5/19/17,122,60,60,-9,86,3:18,4,69,8161,1
127,Find My Way,khai dreams,5/17/18,98,67,87,-6,52,2:44,35,60,8555,1
128,Pick Your Poison,Black Pistol Fire,5/17/19,154,68,50,-10,64,3:45,0,52,8455,1
129,Televised,HUNNY,5/26/17,108,75,59,-8,43,3:15,0,65,4984,1
130,Freaks,Jordan Clarke,2/25/19,166,57,67,-6,64,2:55,12,65,876,1
131,Only For A Moment,Lola Marsh,10/17/19,140,73,74,-6,77,2:47,24,62,2612,1
132,Uno,Rex Orange County,11/17/16,164,45,78,-10,46,2:52,78,65,871,1
133,Paradise,Rex Orange County,11/7/16,108,53,76,-14,36,3:38,9,59,9015,1
134,You've Got a Friend in Me,Rex Orange County,5/31/18,113,45,79,-7,45,2:20,90,59,4273,1
135,Sunkissed,khai dreams,10/11/19,154,35,77,-9,79,2:06,59,73,4543,1
136,Sweet Tooth,Scott Helman,5/12/17,95,90,70,-5,47,3:22,0,52,4714,1
137,Puzzle Pieces,Saint Motel,7/10/12,114,89,54,-5,60,3:51,12,53,1654,1
138,Listerine,Dayglow,11/14/19,135,58,69,-12,90,3:36,17,64,6239,1
139,Body,Loud Luxury,10/27/17,122,76,75,-4,58,2:43,5,77,1341,1
140,Face to Face,Rex Orange County,10/25/19,124,44,75,-8,44,3:40,59,69,5624,1
141,Heartstrings (feat. Santana),Felly,10/29/19,80,54,51,-7,66,4:16,8,54,8455,1
142,For Elise,Saint Motel,10/21/16,153,50,49,-6,26,3:23,24,61,2530,1
143,Keep It Gold,Surfaces,8/23/19,105,70,78,-5,62,4:14,12,64,3201,1
144,on the move,Zamir,11/5/19,96,54,70,-7,34,3:43,49,43,4250,1
145,Happiness,Rex Orange County,4/26/17,106,24,40,-10,20,4:40,73,72,9622,1
146,Sit Down Beside Me,Patrick Watson,5/25/10,145,33,31,-13,27,4:32,97,54,967,1
147,Sour Candy,Melt,5/13/17,178,54,49,-8,62,4:56,18,48,7911,1
148,Undercover Martyn,Two Door Cinema Club,2/17/10,160,87,44,-5,57,2:48,0,64,4799,1
149,Cigarette Daydreams,Cage The Elephant,10/8/13,114,68,64,-3,27,3:29,8,72,8695,1
150,Summer Days,A R I Z O N A,8/3/18,121,75,77,-4,77,3:40,0,57,1817,1
151,barcelona boots,Arlie,9/19/18,145,70,59,-4,60,3:48,29,40,1341,1
152,Virtual Insanity - Remastered,Jamiroquai,11/6/06,92,95,66,-5,52,3:49,13,68,2235,1
153,Cold Cold Man,Saint Motel,8/16/14,111,66,61,-5,51,3:51,1,66,709,1
154,Feel It Still,Portugal. The Man,6/16/17,79,80,80,-5,75,2:43,4,79,2815,1
155,Sweet Disaster,DREAMERS,8/26/16,87,82,52,-2,43,3:25,1,61,4104,1
156,Uma,Panama Wedding,1/1/14,130,56,77,-8,80,3:36,17,40,3944,1
157,10 Victoria's Secret Models - Whethan Remix,MAX,7/8/16,145,75,69,-7,33,3:36,4,40,5125,1
158,Cocoa Butter Kisses,The Stairwells,10/14/16,120,70,77,-6,62,2:24,60,50,552,1
159,CAN'T GET OVER YOU (feat. Clams Casino),Joji,10/26/18,130,32,90,-9,84,1:47,68,75,6203,1
160,Baianá,Bakermat,10/31/19,122,72,56,-7,47,3:01,0,60,4985,1
161,Fireproof,Coleman Hell,4/29/16,128,76,69,-4,77,2:51,1,33,9022,1
162,Honey Lavender,ieuan,7/26/19,147,45,80,-9,81,3:00,45,52,8716,1
163,Trouble (feat. Albert Gold),Bakermat,2/22/19,126,55,61,-7,54,3:10,7,53,2971,1
164,Music for Sad People,Zalinki,5/2/19,106,64,44,-10,12,4:07,11,44,3233,1
165,Fvck Somebody,The Wrecks,12/6/19,142,62,57,-4,56,3:01,2,55,2636,1
166,Let Me Go,YONLAPA,12/12/19,91,74,64,-6,82,4:03,27,41,1651,1
167,Couldn't Have Known,!!!,8/30/19,122,92,74,-7,77,3:35,1,36,4053,1
168,Bloom,Surfaces,12/6/19,115,56,87,-7,68,3:04,24,60,3000,1
169,Love Affair,UMI,10/30/19,172,49,61,-7,18,3:11,13,67,5809,1
170,Detune.,"Findlay, 3 AM",12/12/19,130,21,64,-19,14,2:57,49,17,8985,1
171,Shower Thoughts,"Findlay, 3 AM",6/26/19,130,54,71,-12,62,3:43,3,11,8830,1
172,Cigarettes On Patios,BabyJake,6/7/19,140,73,75,-6,60,3:28,32,66,306,1
173,Out Like a Light,The Honeysticks,6/16/17,126,46,52,-8,36,4:16,17,61,5254,1
174,Out Like a Light 2,The Honeysticks,2/15/19,108,39,45,-9,30,4:31,29,47,45,1
175,Mr Loverman,Ricky Montgomery,4/8/16,130,53,64,-7,49,3:37,24,57,8415,1
176,This December,Ricky Montgomery,4/8/16,140,87,66,-5,89,3:02,3,58,5244,1
177,My Heart Is Buried in Venice,Ricky Montgomery,4/8/16,112,41,67,-8,14,3:05,44,57,253,1
178,Snowfall,Ingrid Michaelson,1/1/08,115,23,61,-11,23,2:25,94,28,4340,1
179,Peach Pit,Peach Pit,6/27/18,124,80,52,-5,30,4:47,0,67,2983,1
180,Tommy's Party,Peach Pit,6/28/18,134,44,56,-9,21,6:02,12,67,7529,1
181,Alrighty Aphrodite,Peach Pit,6/28/18,82,72,53,-5,50,3:28,1,66,6133,1
182,Seventeen,Peach Pit,6/27/18,92,89,56,-5,81,3:36,1,61,9819,1
183,Drop the Guillotine,Peach Pit,6/28/18,88,88,51,-7,58,3:40,4,60,8689,1
184,Sweet FA,Peach Pit,6/27/18,145,50,57,-8,55,3:35,14,56,1581,1
185,Kalmia Kid,chloe moriondo,4/19/19,130,40,60,-9,46,4:00,49,58,1923,1
186,Kindergarten,chloe moriondo,1/10/20,120,28,69,-15,28,2:26,55,56,4461,1
187,Purple Honey,Strawberry Milk Cult,1/1/20,160,69,56,-12,33,4:24,90,34,771,1
188,$150 / roll widdit,Healy,12/17/15,151,41,67,-10,30,3:01,33,53,671,1
189,I'm Not Ok,Weathers,6/22/18,178,96,40,-3,54,3:01,1,58,4004,1
190,You Know It,Colony House,1/13/17,158,96,41,-3,57,3:02,4,58,9071,1
191,Habit,Still Woozy,12/12/19,125,39,77,-12,48,2:34,15,73,4847,1
192,Fuck You,Lily Allen,1/26/09,130,90,78,-4,84,3:40,3,58,7561,1
193,Sea Sick,binki,9/5/19,112,58,82,-9,93,2:11,12,58,7671,1
194,I Don't Love You Anymore,The Honeysticks,2/9/18,120,55,68,-9,65,3:45,15,52,8498,1
195,Best Tears,The Happy Fits,6/15/18,130,70,42,-4,68,2:39,11,50,4140,1
196,Lost in You,khai dreams,9/8/17,90,61,77,-12,79,1:41,33,71,4160,1
197,Goodie Bag,Still Woozy,11/5/17,138,52,74,-12,62,2:26,82,76,30,1
198,Aawake At Night,half•alive,4/24/17,63,73,59,-6,40,3:19,35,61,5074,1
199,Physical,Dua Lipa,1/30/20,147,84,65,-4,75,3:14,1,91,5158,1
200,Call Me (On the Phone),Dante Elephante,7/13/18,113,48,68,-10,50,4:05,0,36,7717,1
201,Me and Your Mama,Childish Gambino,12/2/16,118,43,53,-13,24,6:19,1,66,8208,1
202,From Time,Drake,1/1/13,94,49,74,-10,45,5:22,63,68,5547,1
203,Never Trust a Junkie,Dante Elephante,10/2/15,125,93,44,-6,78,2:30,34,31,5046,1
204,Shampoo Bottles,Peach Pit,1/24/20,107,44,65,-10,33,3:44,2,64,6213,1
205,Rare Attractions,Dante Elephante,7/13/18,76,57,65,-10,82,4:12,6,15,3871,1
206,How Can I,H 3 F,6/23/19,172,46,59,-12,51,4:29,76,49,3656,1
207,City Lights,H 3 F,11/23/19,86,54,56,-13,55,4:00,5,34,5282,1
208,All Your Love,H 3 F,11/23/19,91,52,54,-12,45,4:45,0,28,5724,1
209,Breezeblocks,alt-J,9/18/12,150,66,62,-7,29,3:47,10,72,7118,1
210,Cautionary Tales,Jon Bellion,11/9/18,94,55,58,-8,70,3:47,1,53,8416,1
211,Lost In Yesterday,Tame Impala,2/14/20,183,84,57,-4,75,4:10,3,77,9207,1
212,Sweet Tooth,Cavetown,2/14/20,140,31,57,-13,24,4:06,26,65,5255,1
213,Valentine,COIN,2/14/20,160,82,52,-7,61,3:14,0,58,3128,1
214,Ghost,Confetti,10/18/19,85,67,77,-5,71,2:49,0,63,6625,1
215,Telescope,Cavetown,2/14/20,105,29,67,-15,42,2:50,79,47,8112,1
216,Pumpin Blood,NONONO,2014,119,85,62,-4,41,3:29,0,57,4060,1
217,Mr Blue,Catherine Feeny,2006,166,39,46,-10,61,2:35,84,62,4845,1
218,Foreplay,Jalen Santoy,7/7/16,118,42,73,-6,51,2:54,12,66,1377,1
219,Coffee,Eric Reprid,6/25/17,93,53,90,-8,82,3:40,4,36,7856,1
220,Ghost Adventure Spirit Orb,chloe moriondo,2/21/20,143,21,51,-15,30,2:57,63,57,9704,1
221,Silly Girl,chloe moriondo,7/31/18,79,4,48,-23,13,3:19,94,64,3540,1
222,TWFNO,Tiffany Day,1/31/20,117,49,94,-8,66,2:48,12,53,3792,1
223,Money (Bedroom Mix),Zach Said,5/15/18,74,33,61,-9,59,3:18,88,18,3296,1
224,Work Song,Hozier,9/19/14,121,36,53,-8,26,3:50,75,68,1553,1
225,Craving,Zach Said,2/23/18,85,45,73,-8,65,2:48,56,35,8744,1
226,Like A Movie,Labrinth,11/22/19,120,55,89,-5,53,2:21,11,47,248,1
227,Summer,Paris Jones,10/8/13,90,67,65,-7,47,3:52,15,33,7101,1
228,COMMITMENT ISSUES,Tiffany Day,1/1/20,105,33,84,-13,55,2:47,86,57,90,1
229,I Want My Money Back!,Tiffany Day,5/3/19,165,34,71,-13,63,4:10,37,41,4878,1
230,Imogen,Nick Mulvey,9/8/17,87,58,49,-7,23,4:16,85,58,1030,1
231,Just Sayin',H 3 F,11/23/19,132,33,56,-14,23,4:22,38,44,161,1
232,Be Your Man,H 3 F,8/25/18,91,56,79,-9,46,3:53,47,44,7841,1
233,We Are Never Apart,Nick Mulvey,9/8/17,104,48,71,-8,60,4:34,68,55,5291,1
234,Cheapest Flight,PREP,1/1/16,80,65,68,-5,56,4:28,29,59,6931,1
235,Line by Line,PREP,11/9/18,93,49,83,-7,65,3:58,6,56,4075,1
236,Boredom,"Tyler, The Creator",7/12/17,80,58,56,-10,24,5:21,79,48,6240,1
237,Find My Own Way,GRiZ,4/5/19,86,65,71,-6,58,5:03,5,50,7174,1
238,99,Elliot Moss,4/28/17,131,44,61,-12,22,4:04,58,46,4979,1
239,Overthinker,INZO,7/23/18,128,61,47,-4,21,4:28,3,65,1757,1
240,fever dream - Shawn Wasabi remix,mxmtoon,3/5/20,102,94,65,-4,57,3:04,12,49,4194,1
241,fever dream,mxmtoon,1/23/20,102,69,57,-6,19,3:16,13,66,3291,1
242,Nikes On,Healy,3/5/20,83,31,83,-10,24,2:42,64,61,6955,1
243,Save Me From Myself (with NoMBe & Big Gigantic),Louis The Child,10/26/18,83,68,67,-5,39,3:32,2,62,8274,1
244,Summer's Gone,NoMBe,3/23/18,146,59,60,-10,18,3:34,11,60,4036,1
245,Wait,NoMBe,3/23/18,98,46,76,-8,19,3:34,22,61,2256,1
246,Milk & Coffee,NoMBe,3/23/18,91,81,56,-5,73,3:56,0,53,6487,1
247,Call It Off,Skinnydip,4/5/18,122,34,73,-10,37,3:48,15,45,8956,1
248,Black Licorice,Peach Pit,3/6/20,124,54,69,-9,43,3:40,3,62,4358,1
249,Sex n' Drugs,Abhi The Nomad,2/9/18,81,32,83,-8,32,3:38,30,64,667,1
250,Afraid of the Dark,The Frights,2/12/16,167,68,62,-10,61,3:07,1,46,8841,1
251,Halcyon Birds,Broken Back,8/6/15,120,65,72,-9,72,4:34,19,60,6929,1
252,Over My Head,Echosmith,3/15/18,105,72,66,-5,90,3:28,10,54,1960,1
253,Blue Honey,Jimi Charles Moody,11/23/15,133,30,70,-9,24,3:20,63,22,2754,1
254,oblivion,Dafna,2/29/20,90,18,43,-16,6,4:22,97,11,1432,1
255,Warm Animal,Sure Sure,6/27/19,138,38,79,-9,77,3:31,7,61,2985,1
256,Rubble To Rubble,Wilderado,7/28/17,135,45,56,-8,28,3:24,38,53,2797,1
257,Look@Ugo,Mosie,3/14/18,110,39,84,-10,69,4:11,30,45,9076,1
258,valentine,Dafna,2/7/19,120,22,72,-12,4,2:32,93,32,6078,1
259,Lonely Game,Mielo,11/8/19,90,58,55,-7,22,3:53,2,28,1368,1
260,swimming,Dafna,2/29/20,160,22,52,-15,9,2:52,38,8,4718,1
261,do u feel how i feel ?,Dafna,2/29/20,80,24,31,-10,26,3:13,88,14,8289,1
262,the devil's dance,Dafna,5/23/19,116,20,43,-13,5,3:22,89,22,8731,1
263,holy,Dafna,5/23/19,120,50,73,-6,13,3:32,66,18,477,1
264,House of Gold,Twenty One Pilots,1/8/13,115,69,68,-7,85,2:44,45,70,4708,1
265,Sweet Tooth,Cavetown,3/20/20,140,31,57,-13,24,4:06,26,44,2846,1
266,I Miss My Mum,Cavetown,3/20/20,76,30,65,-14,35,2:57,48,58,8586,1
267,Puppy Dog,Dreamer Boy,12/10/19,114,55,69,-8,51,3:30,17,57,8925,1
268,I'm Just Snacking,Gus Dapperton,5/17/17,128,48,62,-7,38,3:18,14,63,5469,1
269,Murky Green,The Verticals,2015,150,72,49,-9,56,3:55,2,3,4011,1
270,Spiders,The Verticals,2015,82,70,30,-6,60,2:54,11,0,9443,1
271,Break My Heart,Dua Lipa,3/25/20,113,73,73,-3,47,3:42,17,83,5115,1
272,Things That Make It Warm,Cavetown,11/1/19,120,16,72,-17,51,3:06,64,57,5803,1
273,Are You Bored Yet? (feat. Clairo),Wallows,3/22/19,120,68,68,-6,64,2:58,16,79,7306,1
274,Cringe,Matt Maeson,4/5/19,126,47,73,-8,44,3:36,7,65,7532,1
275,Golden,Harry Styles,12/13/19,140,84,45,-5,25,3:29,21,79,9688,1
276,Untitled,Kate Bollinger,5/21/19,79,51,73,-10,68,3:00,36,50,2526,1
277,I Don't Wanna Lose,Kate Bollinger,6/21/19,142,46,50,-11,33,3:21,34,54,1955,1
278,Hallucinogenics,Matt Maeson,4/5/19,121,65,55,-7,29,3:07,46,67,1135,1
279,I Just Don't Care That Much,Matt Maeson,4/5/19,120,72,82,-4,62,3:26,9,55,5470,1
280,Cringe - Stripped,Matt Maeson,10/18/19,126,28,75,-9,28,3:43,88,58,7944,1
281,Put It On Me,Matt Maeson,4/27/18,82,41,63,-6,42,3:23,1,61,3460,1
282,ANIMAL CROSSING,Shawn Wasabi,3/20/20,103,87,77,-4,50,2:40,4,54,7233,1
283,Heavy,POWERS,2/24/17,102,69,74,-4,90,3:54,1,55,4229,1
284,bad idea!,girl in red,9/3/19,162,81,51,-6,41,3:40,3,68,6280,1
75,All The Small Things,blink-182,6/1/99,149,90,43,-5,68,2:47,1,78,328,0
130,Vidual,King Krule,10/13/17,100,96,58,-4,88,2:20,3,37,6472,0
141,I Miss Having Sex But At Least I Don't Wanna Die Anymore,Waterparks,10/11/19,148,83,61,-4,86,2:13,8,67,1635,0
104,Drift Away,Uncle Kracker,7/9/02,152,66,58,-5,86,4:16,18,69,6397,0
16,Black Skinhead,Kanye West,1/1/13,130,82,77,-6,30,3:08,0,74,7211,0
20,The New Workout Plan,Kanye West,2/13/04,118,77,70,-5,62,5:23,1,3,1767,0
52,Pillow Talking (feat. Brain),Lil Dicky,7/31/15,105,36,92,-8,42,10:46,57,62,2356,0
82,iSpy (feat. Lil Yachty),KYLE,12/2/16,75,65,75,-7,67,4:13,38,76,6351,0
101,What's Up Danger (with Black Caviar),Blackway,12/14/18,95,76,70,-6,12,3:42,0,71,1420,0
103,Way Up,Jaden,12/14/18,130,94,59,-3,45,2:34,3,64,8233,0
104,"Familia (with Anuel Aa, feat. Bantu) - Spider-Man: Into the Spider-Verse",Nicki Minaj,12/14/18,112,88,77,-5,67,2:55,2,67,9472,0
106,Start a Riot,Duckwrth,12/14/18,143,73,73,-4,89,2:51,1,67,9001,0
109,Save The Day (feat. Coi Leray & LouGotCash),Ski Mask The Slump God,12/14/18,140,75,87,-8,79,2:59,0,60,6166,0
111,Scared of the Dark (feat. XXXTENTACION),Lil Wayne,12/14/18,79,62,44,-7,16,3:53,5,73,2672,0
155,Something For Your M.I.N.D.,Superorganism,3/2/18,140,54,70,-4,66,2:45,13,69,2264,0
290,Friday,Rebecca Black,3/14/11,112,89,68,-5,58,3:30,3,51,6503,0
290,Spirit in the Sky,Norman Greenbaum,6/1/05,128,64,60,-6,56,4:00,11,68,8443,0
22,March of Mephisto (feat. Shagrath),Kamelot,3/15/05,96,91,50,-7,22,5:29,0,47,1751,0
23,When the Lights Are Down,Kamelot,3/15/05,170,94,30,-6,37,3:41,0,52,1903,0
24,The Haunting (Somewhere in Time) [feat. Simone Simons],Kamelot,3/15/05,120,84,28,-7,29,5:40,0,49,6118,0
25,Soul Society,Kamelot,3/15/05,83,83,20,-7,16,4:18,1,41,7523,0
26,Center of the Universe,Kamelot,3/3/03,170,93,31,-4,23,5:27,4,42,6613,0
27,A Feast for the Vain,Kamelot,3/3/03,170,91,30,-8,36,3:57,0,29,7399,0
28,Anthem,Kamelot,6/4/07,53,38,22,-9,21,4:25,93,39,2595,0
29,Citizen Zero,Kamelot,5/4/15,92,94,52,-5,21,5:50,0,22,8854,0
30,Revolution,Kamelot,5/4/15,166,96,42,-6,25,4:49,0,20,8023,0
31,Forever,Kamelot,7/19/01,170,94,40,-5,32,4:06,0,44,1394,0
32,Karma,Kamelot,7/19/01,155,98,44,-6,29,5:11,0,40,4793,0
34,Rollin' (Air Raid Vehicle),Limp Bizkit,10/17/00,96,93,60,-3,71,3:34,1,72,3315,0
35,Break Stuff,Limp Bizkit,1999,109,88,43,-7,62,2:47,1,71,7668,0
37,The Fight Song,Marilyn Manson,11/11/00,130,98,47,-4,4,2:56,0,61,7299,0
13,The Book of Heavy Metal (March of the Metallians),Dream Evil,7/13/04,154,94,39,-4,37,5:26,0,51,6284,0